name,class_2024,lat,lon,coord_type,freguesia,concelho,length_m,depth_m,notes,source,sigcava_id,score_geologia,score_biologia,score_dimensao,score_integridade,height_max_m,width_max_m,has_topografia,aliases,elevation_m,volcanic_system,flow_age
Algar do Carvão,A,38.727775,-27.214652,survey centroid (SIGCAVA),Porto Judeu,Angra do Heroísmo,120,90,"Show cave run by Os Montanheiros, open to the public since the 1966 visitor tunnel; Monumento Natural Regional (Reserva Geológica 1987, MN since 2004); the crater drops ~45 m in a vertical conduit to a scree ramp, then a second drop to a clear lake, ~90 m total; extremely rare white amorphous-silica stalactites and stalagmites; two spider species are known only from here; first descent 1893; ~60,000 visitors in 2019; new CAVE visitor centre under construction since 10-2024. Entrance elevation: ~583 m commonly published, 629 m in the 1994 table, 603 m from GLO-30 at this point",SIGCAVA,ter_1_ln,5,5,5,4,,,yes,,603.0,BFZ scoria cone over Pico Alto peralkaline trachyte,cone ~1.73 ka / trachyte ~3.2 ka
Gruta das Agulhas,A,38.64601,-27.10572,entrance (GBIF),Porto Judeu,Angra do Heroísmo,250.5,,"Coastal lava tube at Ponta dos Coelhos, base of Pico do Refugo; enter only at low tide with calm sea; cliff descent; initially called Galeria da Salga, and the 1994 paper uses G. da Salga. In 2023 the sea broke the lava platform at the only entrance and visits are now ""muito problematica"" in rough sea; the 2024-01-04 attempt to open the upstream entrance was abandoned (unstable slabs); the land is private",GBIF + SIGCAVA,ter_4_ln,5,5,5,4,5.4,4.5,yes,Galeria da Salga,30.3,Cinco Picos flank — Pico do Refugo eruption,
Gruta dos Balcões,A,38.76383,-27.25553,entrance (GBIF),Biscoitos,Praia da Vitória,2713,,"Longest cave on Terceira (2713 m surveyed; 4421 m per GBIF; possibly 4.6+ km); Terreiro da Macela pastures; PR09TER trail passes nearby; also called Gruta do Bastião (1994); Pico Galiarte pahoehoe field; Nunes 2014 main entrance 38.76320 -27.25355, 186 m from this point",GBIF + SIGCAVA,ter_5_ln,5,5,5,3,6,7,yes,Gruta do Bastião,393.3,BFZ central — Pico Galiarte pahoehoe field,Pico Galiarte <6.6 ka
Gruta da Branca Opala,A,38.78051,-27.25156,entrance (GBIF),Biscoitos,Praia da Vitória,99,,"Opal/silica formations; three entrances (one skylight, two collapse); floods completely between survey points 8-11 on heavy-rain days; Pico Galiarte pahoehoe field (<6,600 y BP, Nunes 2014) - the older ""Pau Velho 1761"" attribution is superseded, the 1761 flow contains no caves; Nunes 2014 main entrance 38.77939 -27.25168, 125 m from this point; alt name G. do Rabão",GBIF + SIGCAVA,ter_6_ln,5,5,3,4,5,10,yes,Gruta do Rabão,229.8,BFZ central — Pico Galiarte pahoehoe field,Pico Galiarte <6.6 ka
Gruta do Caldeira,A,38.774287,-27.258573,survey centroid (SIGCAVA),Biscoitos,Praia da Vitória,148,,"Pico Galiarte pahoehoe field (<6,600 y BP, Nunes 2014); an older attribution to the 1761 Pau Velho flow is superseded; walk-in tube under pastures ending in an impassable collapse; 1994 grid ref sits 590 m off - prefer this position (the BDJ 2019 coordinates agree)",SIGCAVA,ter_7_ln,4,5,3,3,2.6,5.6,yes,,297.3,BFZ central — Pico Galiarte pahoehoe field,Pico Galiarte <6.6 ka
Gruta do Chocolate,A,38.78006,-27.25213,entrance (GBIF),Biscoitos,Praia da Vitória,108.7,,"Entrance is a 40x40 cm hole; best example of lava-tube formations on the island per Montanheiros; discovered 1987; length 108.7 m per SIGCAVA (an earlier record gives 109.7 m); Pico Galiarte pahoehoe field (<6,600 y BP, Nunes 2014); Nunes 2014 main entrance 38.78067 -27.25210, 68 m from this point",GBIF + SIGCAVA,ter_8_ln,5,5,4,5,6.2,3.6,yes,,233.4,BFZ central — Pico Galiarte pahoehoe field,Pico Galiarte <6.6 ka
Gruta da Madre de Deus,A,38.68298,-27.06898,entrance (GBIF),Porto Martins,Praia da Vitória,244.8,,"Near ruined Ermida da Madre de Deus chapel (~1690); two entrances; 13.5 m internal pit at the NW end (1994 survey point 24); a crawling squeeze between points 12 and 15; the ""Lingua de Sogra"" slab; Fonte do Bastardo eruption, 2,000-3,000 y BP",GBIF + SIGCAVA,ter_10_ln,4,5,3,4,13.5,11.5,yes,,68.0,BFZ SE — Fonte do Bastardo eruption,Fonte do Bastardo 2–3 ka
Gruta da Malha,A,38.75121,-27.25433,entrance (GBIF),Biscoitos,Praia da Vitória,450,,"Part of Malha-Balcões-Chamusca system; Natura 2000; Nunes 2014 main entrance 38.74966 -27.25374, 180 m from this point; upstream part revisited 01-02-2024",GBIF + SIGCAVA,ter_11_ln,4,5,4,3,,,yes,,498.4,BFZ central — Pico Galiarte pahoehoe field,Pico Galiarte <6.6 ka
Gruta do Natal,A,38.737769,-27.267997,survey centroid (SIGCAVA),Biscoitos,Praia da Vitória,696.6,,"Show cave run by Os Montanheiros, open since 01-06-1999 - the first lava tube opened to the public in the Azores; easy transit, few floor changes, high ceilings; first Christmas Mass inside on 25-12-1969, a tradition since; the CAMões analogue astronaut mission lived inside 22-28 Nov 2023; originally Galeria Negra, renamed Gruta do Cavalo in 1964 after horse bones were found, Gruta do Natal from 1969; Nunes 2014 main entrance 38.73747 -27.26846, 52 m from this point; IPEA places it in Altares (Angra)",SIGCAVA,ter_12_ln,5,5,4,3,7,12,yes,Galeria Negra; Galerias Negras; Gruta do Cavalo,542.8,BFZ central — Pico do Gaspar fissural system,Pico do Gaspar <12.1 ka
Furna de Santa Maria,B,38.71350,-27.18174,entrance (GBIF),Porto Judeu,Angra do Heroísmo,320,,"Cabrito area; the Montanheiros gallery pairs it with Gruta do Camelo as ""Gruta de Santa Maria e do Carmelo"", but all catalogues keep them separate",GBIF + SIGCAVA,ter_2_ln,3,5,3,3,,,yes,,441.3,Guilherme Moniz — Pico do Carvão caldera fill (inferred),~2 ka (inferred)
Galeria da Queimada,B,38.751408,-27.267293,survey centroid (SIGCAVA),Biscoitos,Praia da Vitória,639.9,,"2nd longest; tube runs N-S; ends near 38.75003 and 38.75253 at lon -27.267; alt name Cafua Velha; Pico Gordo flows, ~4,480 y BP (Nunes 2014); an older attribution to the 1761 Pau Velho flow is superseded; Nunes 2014 main entrance 38.75012 -27.26602, 181 m from this survey centroid; IPEA places it in Altares (Angra)",SIGCAVA,ter_3_ln,5,3,5,3,10.9,2.5,yes,Cafua Velha,468.9,BFZ central — Pico Gordo flows,Pico Gordo ~4.48 ka
Gruta do Coelho,B,38.73946,-27.27155,entrance (GBIF),Biscoitos,Praia da Vitória,171.5,,"Near Lagoa do Negro; main entrance shaped like a rabbit burrow, three possible entrances, labyrinthine with large collapse zones; Pico do Gaspar fissural system (<12,100 y BP); Nunes 2014 main entrance 38.73857 -27.27026, 150 m from this point; IPEA places it in Altares (Angra)",GBIF + SIGCAVA,ter_9_ln,3,5,2,3,5,7.2,yes,,534.0,BFZ central — Pico do Gaspar fissural system,Pico do Gaspar <12.1 ka
Gruta dos Principiantes,B,38.77014,-27.25670,entrance (GBIF),Biscoitos,Praia da Vitória,486,,Near Gruta dos Balcões; alt names Gruta do Pau Velho and Gruta dos Carvoeiros; Pico Galiarte pahoehoe field,GBIF + SIGCAVA,ter_13_ln,3,5,3,3,4,12,yes,Gruta do Pau Velho; Gruta dos Carvoeiros,336.9,BFZ central — Pico Galiarte pahoehoe field,Pico Galiarte <6.6 ka
Algar da Canada do Laranjo,C,38.799258,-27.285273,official point (SIGCAVA),Altares,Angra do Heroísmo,7,5,The 2024-01-11 Montanheiros round could not find the entrance,SIGCAVA,ter_1,1,3,1,4,,,no,,69.7,Santa Bárbara — basalts of the Altares sea-cliffs,
Algar do Biscoitinho,C,38.757344,-27.357442,official point (SIGCAVA),Serreta,Angra do Heroísmo,10,8,,SIGCAVA,ter_2,1,2,1,3,,,no,,338.5,Santa Bárbara volcano — flanks,
Algar do Canadão,C,38.746735,-27.324201,official point (SIGCAVA),Serreta,Angra do Heroísmo,5,5,Natura 2000,SIGCAVA,ter_3,1,2,2,5,,,no,,952.2,Santa Bárbara volcano — flanks,
Algar do Chambre,C,38.755255,-27.240570,official point (SIGCAVA),Biscoitos,Praia da Vitória,,17,Rocha do Chambre area,SIGCAVA,ter_4,1,2,3,,,,no,,611.8,,
Algar do Funil,C,38.739715,-27.255074,official point (SIGCAVA),Biscoitos,Praia da Vitória,20,22,,SIGCAVA,ter_5,1,3,3,2,,,no,,529.7,BFZ central — old formations,pre-Holocene
Algar do João Caldo Quente,C,38.694103,-27.139231,official point (SIGCAVA),Vila de São Sebastião,Angra do Heroísmo,,15,Georeferenced and surveyed 18-01-2024,SIGCAVA,ter_6,1,,3,3,,,no,,346.9,,
Algar do Juncal,C,38.757906,-27.239578,official point (SIGCAVA),Biscoitos,Praia da Vitória,12,50,,SIGCAVA,ter_7,1,,5,3,,,no,,576.3,,
Algar do Negro,C,38.736463,-27.270503,official point (SIGCAVA),Biscoitos,Praia da Vitória,16,5.5,Near Lagoa do Negro; IPEA places it in Altares (Angra); georeferenced and surveyed 01-02-2024,SIGCAVA,ter_8,1,3,1,3,,,no,,556.5,BFZ central — Pico do Gaspar fissural system,Pico do Gaspar <12.1 ka
Algar do Outeiro da Doninha,C,38.749658,-27.253636,official point (SIGCAVA),Biscoitos,Praia da Vitória,,,,SIGCAVA,ter_9,2,2,1,2,,,no,,517.4,BFZ central — Biscoitos lava fields,Holocene
Algar do Pico Alto,C,38.755990,-27.210120,official point (SIGCAVA),Agualva,Praia da Vitória,,25,,SIGCAVA,ter_10,1,,4,,,,no,,798.1,Pico Alto — flank fissure,
Algar do Pico do Funil,C,38.723813,-27.212706,official point (SIGCAVA),Porto Judeu,Angra do Heroísmo,8,15,"Twin of Gruta do Pico do Funil; elev ~580 m. Reported by the Montanheiros on 25-01-2024 to have been completely buried by the landowner in 2021 or 2022, together with the adjacent gruta - effectively destroyed or inaccessible",SIGCAVA,ter_11,1,3,1,,,,no,,563.0,,
Algar do Pico Gaspar I,C,38.730154,-27.270928,official point (SIGCAVA),São Bartolomeu de Regatos,Angra do Heroísmo,8.5,14,,SIGCAVA,ter_12,1,1,3,4,,,no,,571.0,BFZ central — Pico do Gaspar fissural system,Pico do Gaspar <12.1 ka
Algar do Pico Gaspar II,C,38.728354,-27.269886,official point (SIGCAVA),São Bartolomeu de Regatos,Angra do Heroísmo,8,19,,SIGCAVA,ter_13,1,1,3,4,,,no,,580.5,BFZ central — Pico do Gaspar fissural system,Pico do Gaspar <12.1 ka
Algar dos Funis,C,38.763723,-27.345756,official point (SIGCAVA),Serreta,Angra do Heroísmo,,,"IPEA lists 300 m depth and freguesia Raminho; SIGCAVA says Serreta with depth unrecorded - unresolved. Found obstructed in 1992 and dug at on 22 and 29-01-1995; possibly the algar F. Fouque described in 1873, though a separate ""Algar do Fouque"" was visited in 2024 - relationship unresolved",SIGCAVA,ter_14,2,,,2,,,no,,373.6,Santa Bárbara volcano — flanks,
Algar/Gruta do Mistério,C,38.736020,-27.271261,official point (SIGCAVA),Biscoitos,Praia da Vitória,151,13,"Entry via a 12 m pit into 151 m of tube; near Lagoa do Negro; elev ~545 m; discovered 24-12-1990, measured 01-01-1991; IPEA places it in Altares (Angra); georeferenced and surveyed 01-02-2024",SIGCAVA,ter_15,3,3,3,4,,,no,Algar do Mistério; Gruta do Mistério,561.2,BFZ central — Pico do Gaspar fissural system,Pico do Gaspar <12.1 ka
Algar/Gruta do Pico das Dez,C,38.710401,-27.345695,official point (SIGCAVA),Santa Bárbara,Angra do Heroísmo,114,20,"Length 114 m per IPEA; 1994 paper says 60 m. Depth is 20 m per Borges 1994 (the value shown here) against 14 m in the SIGCAVA record - nothing in the sources settles it. Entry pit then gallery, vertical gear; topography and georeferencing redone 11-01-2024",SIGCAVA,ter_16,2,3,3,3,,,no,,349.9,Santa Bárbara volcano — flanks,
Cova do Caldeirão,C,38.749343,-27.345123,official point (SIGCAVA),Serreta,Angra do Heroísmo,25,,"Serreta, near Pico Negrão; a second Cova do Caldeirão (Angra/Sé) is catalogued separately and has no known location",SIGCAVA,ter_17,1,2,1,3,,,no,,645.8,Santa Bárbara volcano — flanks,
Fenda do Pico Zimbreiro,C,38.645009,-27.229331,official point (SIGCAVA),Angra (Sé),Angra do Heroísmo,,100,"Tectonic fissure on Monte Brasil; ~100 m deep per IPEA; serious vertical terrain. The Montanheiros visited a ""Fenda do Monte Brasil"" on 2024-02-22 and the log gives no further detail; probably this same fissure, but no source confirms it, so the two records are kept separate",SIGCAVA,ter_18,1,2,3,4,,,no,,146.1,Monte Brasil surtseyan cone,Holocene
Furna d'Água,C,38.708180,-27.178696,official point (SIGCAVA),Porto Judeu,Angra do Heroísmo,560,,"Water-supply cave on the W edge of the Guilherme Moniz caldera, fed by strong springs in the Pico do Carvão flow (~2,000 y BP); managed access with occasional guided visits (Pedaços de Mar 03-06-2023; Montanheiros photo expedition 13-06-2025); Wikipedia entrance pin 38.70877 -27.17247",SIGCAVA,ter_19,4,1,4,3,,,no,Furna de Água; Furna d' Água,413.3,Guilherme Moniz — Pico do Carvão flow,Pico do Carvão ~2 ka
Furna da Nascente,C,38.795134,-27.195991,official point (SIGCAVA),Agualva,Praia da Vitória,88,,"Quatro Ribeiras coast; distinct from Furna das Pombas and Furna dos Ninhos despite the near-identical SIGCAVA coordinates, which are cliff-section anchors",SIGCAVA,ter_20,1,2,3,5,,,no,,63.3,Quatro Ribeiras coastal lavas — marine erosion,
Furna da Rua Longa,C,38.797971,-27.244434,official point (SIGCAVA),Biscoitos,Praia da Vitória,,,Mapcarta mislabels this spot as Furna das Pombas,SIGCAVA,ter_21,1,2,2,4,,,no,,6.7,Pico Alto — trachyte at the shoreline,
Furna das Feiticeiras,C,38.715617,-27.317953,official point (SIGCAVA),Santa Bárbara,Angra do Heroísmo,,,"Outeiro do Bogango; elev ~600 m; also called Algar das Feiticeiras; georeferenced, explored and surveyed 11-01-2024",SIGCAVA,ter_22,1,1,,,,,no,Algar das Feiticeiras,605.6,Santa Bárbara volcano — flanks,
Furna das Pombas,C,38.795161,-27.195622,official point (SIGCAVA),Agualva,Praia da Vitória,76,,"Sea cave on the PR02TER Baías da Agualva trail; one of three distinct marine-erosion caves on this stretch of the Quatro Ribeiras coast (with Furna dos Ninhos and Furna da Nascente) that share almost one SIGCAVA coordinate - the points are cliff-section anchors, not individual entrances",SIGCAVA,ter_23,1,2,1,3,,,no,,43.0,Quatro Ribeiras coastal lavas — marine erosion,
Furna do Cabrito,C,38.712463,-27.183204,official point (SIGCAVA),Porto Judeu,Angra do Heroísmo,200,,Cabrito area; spring-bearing cave in the same Pico do Carvão flow as Furna d'Água; visited on guided activities in 2023 and on the 13-06-2025 photo expedition,SIGCAVA,ter_24,3,3,3,2,,,no,,449.2,Guilherme Moniz — Pico do Carvão flow,Pico do Carvão ~2 ka
Furna do Poço Negro,C,38.780761,-27.361876,official point (SIGCAVA),Raminho,Angra do Heroísmo,20,,,SIGCAVA,ter_25,1,2,1,4,,,no,,0.0,Santa Bárbara volcano — flanks,
Furna dos Ninhos,C,38.795134,-27.195852,official point (SIGCAVA),Agualva,Praia da Vitória,19,,"Quatro Ribeiras coast; distinct from Furna das Pombas and Furna da Nascente despite the near-identical SIGCAVA coordinates, which are cliff-section anchors",SIGCAVA,ter_26,1,2,1,3,,,no,,60.8,Quatro Ribeiras coastal lavas — marine erosion,
Galeria da Ribeira Seca,C,38.678829,-27.092893,official point (SIGCAVA),Vila de São Sebastião,Angra do Heroísmo,60,,Coordinates recorded and interior photographed 04-01-2024,SIGCAVA,ter_27,1,3,1,4,,,no,,171.6,,
Galeria do Fanal,C,38.653399,-27.229311,official point (SIGCAVA),Angra (São Pedro),Angra do Heroísmo,,,,SIGCAVA,ter_28,1,3,1,4,,,no,,0.0,,
Galeria do Felisberto Joaquim,C,38.705568,-27.145728,official point (SIGCAVA),Vila de São Sebastião,Angra do Heroísmo,30.3,,Also called Algar do Felisberto Joaquim - an algar in Felisberto Joaquim's pastures in São Sebastião (1991); georeferenced and surveyed 18-01-2024,SIGCAVA,ter_29,1,,1,3,,,no,Algar do Felisberto Joaquim,370.9,,
Galeria do Sequeira,C,38.684016,-27.073595,official point (SIGCAVA),Fonte do Bastardo,Praia da Vitória,15,,,SIGCAVA,ter_30,1,3,1,2,,,no,,87.2,BFZ SE — Fonte do Bastardo eruption,Fonte do Bastardo 2–3 ka
Gruta Brisa Azul,C,38.632611,-27.149912,official point (SIGCAVA),Feteira,Angra do Heroísmo,80,,"Marine cave on the north face of Ilhéu Pequeno (western islet), Ilhéus das Cabras; boat only, ~10 min from Angra marina; opening about 4 m high at low tide. ""Gruta dos Ratões"" is another name for this same cave, not a separate one - four independent sources agree (CM Angra/Angrosfera ""Gruta Briza Azul ou Gruta dos Ratões""; PdL 2018 pp. 49-52; Borges 1994 lists a single marine cave at the Ilhéus das Cabras, 80 m; dive.visitazores ""north face of the western islet""). A coordinate sometimes given under the Ratões name, 38.63030 -27.14340, sits on the south side of the eastern islet - wrong islet and wrong face. Named 28-08-1971 after the launch ""Briza Azul"". Length 80 m official (SIGCAVA/IPEA/1994) but Barcelos re-measured ~50 m long x 10 m wide x 7-8 m high in 2018; the entry fissure runs surface to ~15 m and divers reach 24 m. SIGCAVA gives the freguesia as Feteira, PdL 2018 and pt.wikipedia say Porto Judeu (the islets were Feteira only 1911-1913); the SIGCAVA value is used here",SIGCAVA + PdL 2018 + Angrosfera + dive.visitazores.com,ter_31,1,2,3,5,,,no,Gruta Briza Azul; Gruta dos Ratões; Gruta do Ilhéu das Cabras,34.4,Ilhéus das Cabras surtseyan tuff cone,~22 ka
Gruta da Achada,C,38.729568,-27.151334,official point (SIGCAVA),Agualva (Fontinhas area),Praia da Vitória,169.8,,"GBIF entrance 38.72977 -27.15186; Fontinhas/Agualva lava flow (""Biscoito das Fontinhas"", 1994); georeferenced and surveyed 18-01-2024",SIGCAVA + GBIF,ter_32,2,5,2,5,,,no,,320.4,Fontinhas / Agualva lava flow,
Gruta da Canada das Vinhas,C,38.677819,-27.067427,official point (SIGCAVA),Praia da Vitória,Praia da Vitória,,,"Opened by a JCB in 2016 digging a lamppost foundation; ~30 m of sealed tube, roots through the roof fissures but no microbial mats, which the discoverers put down to the cave being closed; PdL 2016 gives the freguesia as Porto Martins, SIGCAVA says Praia da Vitória",SIGCAVA,ter_33,2,2,1,3,,,no,,21.5,,
Gruta da Canada do Laranjo,C,38.800658,-27.283759,official point (SIGCAVA),Altares,Angra do Heroísmo,30,,,SIGCAVA,ter_34,1,1,1,3,,,no,,37.4,Santa Bárbara — basalts of the Altares sea-cliffs,
Gruta da Cascata,C,38.769531,-27.252567,official point (SIGCAVA),Biscoitos,Praia da Vitória,198,,"Pico Galiarte pahoehoe field (<6,600 y BP, Nunes 2014); an older attribution to the 1761 Pau Velho flow is superseded; second entrance found 14-08-2014 - a 15 m muddy crawl, impassable in winter flooding; georeferenced and surveyed again 01-02-2024",SIGCAVA,ter_35,1,3,2,4,,,no,,359.3,BFZ central — Pico Galiarte pahoehoe field,Pico Galiarte <6.6 ka
Gruta da Chamusca,C,38.783850,-27.252997,official point (SIGCAVA),Biscoitos,Praia da Vitória,11,,Part of Malha-Balcões-Chamusca system,SIGCAVA,ter_36,3,,,,,,no,,146.6,BFZ central — Pico Galiarte pahoehoe field,Pico Galiarte <6.6 ka
Gruta da Malha Grande,C,38.747392,-27.259486,official point (SIGCAVA),Biscoitos,Praia da Vitória,,,"Distinct from Gruta da Malha; two small holes as entrances, max height 2 m, muddy; limonite columns, secondary deposits, roots and lava stalactites (PdL 2014)",SIGCAVA,ter_37,2,2,1,2,,,no,,495.5,BFZ central — Biscoitos lava fields,Holocene
Gruta da Salga,C,38.646524,-27.100941,official point (SIGCAVA),Vila de São Sebastião,Angra do Heroísmo,,,"Coastal; distinct SIGCAVA entry (the 1994 paper also uses Salga as an alt name for Agulhas); ~25 m, max height 70 cm, no notable formations; long known to the Montanheiros but first explored 09-07-2014",SIGCAVA,ter_38,2,2,1,3,,,no,,6.2,Cinco Picos flank — Porto Judeu coastal flows,
Gruta da Santinha,C,38.721512,-27.266823,official point (SIGCAVA),São Bartolomeu de Regatos,Angra do Heroísmo,15,,,SIGCAVA,ter_39,1,1,1,3,,,no,,511.1,BFZ central — Pico do Gaspar fissural system,Pico do Gaspar <12.1 ka
Gruta da Terra Mole,C,38.767770,-27.254425,official point (SIGCAVA),Biscoitos,Praia da Vitória,120,,"The separately catalogued ""Gruta da Terra Mole II"" is the Gruta do Martelo (PdL 2014); Pico Galiarte pahoehoe field; filmed by German TV (Galileo X-Plorer) 28-05-2025",SIGCAVA,ter_40,2,3,2,3,,,no,,366.2,BFZ central — Pico Galiarte pahoehoe field,Pico Galiarte <6.6 ka
Gruta das Mercês I,C,38.652708,-27.150092,official point (SIGCAVA),Feteira,Angra do Heroísmo,69,,Canada das Mercês,SIGCAVA,ter_41,2,3,1,4,,,no,,148.7,,
Gruta das Mercês II,C,38.652185,-27.149964,official point (SIGCAVA),Feteira,Angra do Heroísmo,65,,Two entrances (1994 survey),SIGCAVA,ter_42,1,1,,1,,,no,,139.8,,
Gruta de Santa Catarina,C,38.700430,-27.050209,official point (SIGCAVA),Cabo da Praia,Praia da Vitória,28,,"Located 25-10-1992, explored 01-11-1992; georeferenced and surveyed 18-01-2024",SIGCAVA,ter_43,1,1,1,2,,,no,,31.8,,
Gruta de Santo António,C,38.684917,-27.073435,official point (SIGCAVA),Fonte do Bastardo,Praia da Vitória,302.1,,"GBIF entrance 38.68478 -27.07359; alt name G. do Recanto; Fonte do Bastardo eruption, 2,000-3,000 y BP; the 1994 paper gives the freguesia as Porto Martins, IPEA and SIGCAVA say Fonte do Bastardo; georeferenced and surveyed 18-01-2024",SIGCAVA + GBIF,ter_44,3,3,3,4,,,no,Gruta do Recanto,95.7,BFZ SE — Fonte do Bastardo eruption,Fonte do Bastardo 2–3 ka
Gruta do Alicerce,C,38.644971,-27.104628,official point (SIGCAVA),Porto Judeu,Angra do Heroísmo,20,,,SIGCAVA,ter_45,1,,1,,,,no,,18.0,Cinco Picos flank — Porto Judeu coastal flows,
Gruta do Baldio,C,38.682022,-27.077019,official point (SIGCAVA),Vila de São Sebastião,Angra do Heroísmo,,,"Two entrances, the wider one walled inside against animals, the second much smaller and difficult; ~100 m in two sections split by a collapse, max height 1.5 m, floor and roof original; Pico da Fonte do Bastardo flow; PdL 2014 notes it belongs to Vila de São Sebastião though many place it in Porto Martins",SIGCAVA,ter_46,2,2,1,3,,,no,Gruta dos Baldios,93.6,BFZ SE — Pico da Fonte do Bastardo flow,Pico da Fonte do Bastardo 2–3 ka
Gruta do Biscoito,C,38.735786,-27.151140,official point (SIGCAVA),Agualva,Praia da Vitória,,,"Low-ceilinged tube with several openings near the Terceira golf club, named on discovery (PdL 2016); Fontinhas/Agualva lava flow",SIGCAVA,ter_47,1,1,1,2,,,no,,298.9,Fontinhas / Agualva lava flow,
Gruta do Camelo,C,38.713465,-27.182011,official point (SIGCAVA),Porto Judeu,Angra do Heroísmo,255.9,,"Cabrito area; 1994 grid converts to within 7 m of this point; spelling variant Gruta do Carmelo, and the Montanheiros photo gallery pairs it with Furna de Santa Maria as ""Gruta de Santa Maria e do Carmelo"" - SIGCAVA, IPEA and 1994 all keep them as two caves ~65 m apart",SIGCAVA,ter_48,3,1,3,1,,,no,Gruta do Carmelo,445.2,Guilherme Moniz — Pico do Carvão caldera fill (inferred),~2 ka (inferred)
Gruta do Cerro I,C,38.746365,-27.271162,official point (SIGCAVA),Biscoitos,Praia da Vitória,191,,IPEA places the Cerro caves in Altares (Angra),SIGCAVA,ter_49,1,3,2,3,,,no,,486.1,BFZ central — Pico Gordo flows,Pico Gordo ~4.48 ka
Gruta do Cerro II,C,38.748880,-27.271252,official point (SIGCAVA),Biscoitos,Praia da Vitória,,,IPEA places the Cerro caves in Altares (Angra),SIGCAVA,ter_50,1,3,1,3,,,no,,471.8,BFZ central — Pico Gordo flows,Pico Gordo ~4.48 ka
Gruta do Cerro III,C,38.749194,-27.271644,official point (SIGCAVA),Biscoitos,Praia da Vitória,139,,IPEA places the Cerro caves in Altares (Angra),SIGCAVA,ter_51,1,3,1,3,,,no,,468.4,BFZ central — Pico Gordo flows,Pico Gordo ~4.48 ka
Gruta do Esqueleto,C,38.710668,-27.184338,official point (SIGCAVA),Porto Judeu,Angra do Heroísmo,30,,IPEA lists freguesia as Posto Santo; SIGCAVA says Porto Judeu (Cabrito area),SIGCAVA,ter_52,1,3,1,2,,,no,,452.2,Guilherme Moniz — Pico do Carvão caldera fill (inferred),~2 ka (inferred)
Gruta do Golfe,C,38.731868,-27.156401,official point (SIGCAVA),Agualva,Praia da Vitória,60,,Fontinhas/Agualva lava flow; georeferenced and surveyed 25-01-2024,SIGCAVA,ter_53,1,3,1,2,,,no,,314.8,Fontinhas / Agualva lava flow,
Gruta do Martelo,C,38.766529,-27.252959,official point (SIGCAVA),Biscoitos,Praia da Vitória,,,"Also named Gruta da Terra Mole II - found 10-07-2014, ""Martelo"" because a hammer was found near the entrance (PdL 2014); two entrances, max height 0.8 m, rain water enters and the floor is mud and debris; same lava flow as the Pau Velho area caves (Pico Galiarte field)",SIGCAVA,ter_54,2,2,1,2,,,no,Gruta da Terra Mole II,379.8,BFZ central — Pico Galiarte pahoehoe field,Pico Galiarte <6.6 ka
Gruta do Morro da Azenha,C,38.772242,-27.257365,official point (SIGCAVA),Biscoitos,Praia da Vitória,,,"Tube over 120 m with well-defined flow lines, large lateral balconies and lava rendilhada; very narrow muddy sections limit progress (PdL 2014)",SIGCAVA,ter_55,2,2,1,2,,,no,Gruta dos Morros da Azenha,321.9,BFZ central — Biscoitos lava fields,Holocene
Gruta do Pico do Funil,C,38.723588,-27.212671,official point (SIGCAVA),Porto Judeu,Angra do Heroísmo,60,,"Twin of Algar do Pico do Funil. Reported by the Montanheiros on 25-01-2024 to have been completely buried by the landowner in 2021 or 2022, together with the adjacent algar - effectively destroyed or inaccessible",SIGCAVA,ter_56,3,3,2,3,,,no,,559.4,,
Gruta do Terreiro da Macela,C,38.766064,-27.251300,official point (SIGCAVA),Biscoitos,Praia da Vitória,,,"Position disputed: SIGCAVA puts it here, in Biscoitos beside Gruta dos Balcoes, but its discovery record (PdL 2016 Notas Espeleologicas p. 81) places it ""a umas centenas de metros"" from Gruta do Biscoito, near the Terceira golf club in Agualva (~38.735 -27.15), about 9 km away. Either SIGCAVA misplaced it or two homonymous sites exist. The SIGCAVA point is shown until a source settles it. Low interior, several openings",SIGCAVA,ter_57,2,2,1,2,,,no,,378.2,Fontinhas / Agualva lava flow,
Gruta do Zé Grande I,C,38.651394,-27.148710,official point (SIGCAVA),Feteira,Angra do Heroísmo,60,,Serretinha; length 60 m per IPEA / 31.6 m per 1994 survey,SIGCAVA,ter_58,1,,1,3,,,no,,132.9,,
Gruta do Zé Grande II,C,38.651065,-27.152007,official point (SIGCAVA),Feteira,Angra do Heroísmo,,,,SIGCAVA,ter_59,2,1,1,3,,,no,,99.5,,
Gruta dos Buracos,C,38.755976,-27.253417,official point (SIGCAVA),Biscoitos,Praia da Vitória,,,"Limonite stalactites, stalagmites and columns; found 06-12-1992 as a set of ""buracos"" near Pau Velho; Ar/Ar sample for the Pico Galiarte field was taken here",SIGCAVA,ter_60,2,5,3,2,,,no,,467.0,BFZ central — Pico Galiarte pahoehoe field,Pico Galiarte <6.6 ka
Gruta dos Ratos,C,38.709373,-27.182633,official point (SIGCAVA),Porto Judeu,Angra do Heroísmo,100,,IPEA lists Posto Santo; SIGCAVA says Porto Judeu. The 2024-01-25 search failed to find the entrance under dense vegetation,SIGCAVA,ter_61,1,3,2,2,,,no,,445.6,Guilherme Moniz — Pico do Carvão caldera fill (inferred),~2 ka (inferred)
Gruta Pequena,C,38.736689,-27.270136,official point (SIGCAVA),Biscoitos,Praia da Vitória,29,,Lagoa do Negro area; IPEA places it in Altares (Angra); georeferenced and surveyed 01-02-2024,SIGCAVA,ter_62,1,3,1,,,,no,,550.7,BFZ central — Pico do Gaspar fissural system,Pico do Gaspar <12.1 ka
Tubo I do Monte Brasil,C,38.642824,-27.217155,official point (SIGCAVA),Angra (Sé),Angra do Heroísmo,40,,"Submarine lava tube off Monte Brasil - IPEA geomorphology field reads ""gruta submarina"", and the SIGCAVA point falls in the sea (GLO-30 = 0 m), which is consistent; surveyed 1994 by the cave-divers P. Brunet and C. Thomas with A. Silva",SIGCAVA,ter_63,1,2,1,5,,,no,Tubo 1 do Monte Brasil,,Monte Brasil surtseyan cone,Holocene
Tubo II do Monte Brasil,C,38.642527,-27.217211,official point (SIGCAVA),Angra (Sé),Angra do Heroísmo,87,,"Submarine lava tube off Monte Brasil - IPEA geomorphology field reads ""gruta submarina"", and the SIGCAVA point falls in the sea (GLO-30 = 0 m), which is consistent; surveyed 1994 by the cave-divers P. Brunet and C. Thomas with A. Silva",SIGCAVA,ter_64,1,2,1,5,,,no,Tubo 2 do Monte Brasil,,Monte Brasil surtseyan cone,Holocene
Gruta do Camarão,D,38.66928,-27.32840,converted 1994 grid (±300-800 m),Cinco Ribeiras,Angra do Heroísmo,30,,"Officially class D = location unknown; this is a conversion of the 1994 military grid ref - approximate only, and it falls in the sea, so no elevation is recorded; IPEA describes a tube in a sea-cliff (arriba) at Cinco Ribeiras",Borges 1994 (converted),,1,2,1,4,,,,,,Santa Bárbara — SW coast lavas,
Algar Adérito de Freitas,,38.79820,-27.29250,area anchor (cone),Altares,Angra do Heroísmo,,,"Pico Matias Simão, a spatter cone on a radial fissure of Santa Bárbara, coastal Altares, 153 m high; not in SIGCAVA. The position shown is anchored on the cone itself: the 1994 grid reference converts to 38.80179 -27.29105, which falls in the sea (GLO-30 = 0 m) - impossible for a land algar. 1994 gives entrance elevation 150 m. Also called Algar do Pico Matias Simão; the 2024-01-11 Montanheiros round searched for the entrance and could not find it",Borges 1994 + PdL 2023 (re-anchored),,,,,,,,,Algar do Pico Matias Simão,103.6,Santa Bárbara — Pico Matias Simão spatter cone,
Algar das Furnas,,,,unlocated,,,,,"Listed only in the pt.wikipedia ""Lista de grutas dos Açores"" - no article, no coordinates, no measurements, no other corroboration found",pt.wikipedia (list entry),,,,,,,,,,,,
Algar do Fouqué,,,,unlocated,,,,,"Visited by the Montanheiros on 22-02-2024 during the georeferencing round, listed between Cafua do Portão and Fenda do Monte Brasil; the name honours F. Fouqué, whose Voyages Géologiques aux Açores (1873) describes a large algar - in 1992 the Montanheiros thought that algar was the obstructed Algar dos Funis, so the relationship between the two is unresolved",Cron 2024-02-22; Cron 1992-01-19,,,,,,,,,,,,
Cova do Caldeirão (Sé),,,,unlocated,Angra (Sé),Angra do Heroísmo,,,"The second Cova do Caldeirão, distinct from the Serreta one already catalogued; pt.wikipedia describes a fissure in a slope 100 m deep, but those figures are identical to Fenda do Pico Zimbreiro, so a wiki copy error is possible and no depth is recorded here",pt.wikipedia,,,,,,,,,,,,
Fenda do Pico do Má-Olho,,,,unlocated,,,,5,"Fissure at Pico do Má-Olho, Terra Brava, checked 18-08-2015: only 5 m deep but a rope is needed; much obsidian encrusted in the rock; an informal note, never catalogued, and the freguesia is not stated in the source",PdL 2015 Notas Espeleológicas,,,,,,,,,,,,
Fenda dos Algares,,,,unlocated,Altares,Angra do Heroísmo,,,"Measured 07-03-2004, the same day as Gruta da Terra Mole",Cron 2004-03-07,,,,,,,,,,,,
Furna da Bugia,,38.76330,-27.08366,converted 1994 grid (±300-800 m),Lajes,Praia da Vitória,,,Bugia area; not in SIGCAVA,Borges 1994 (converted),,,,,,,,,,76.5,,
Furna do Frade,,,,unlocated,,Angra do Heroísmo,,,"On the Serra do Morião slope, Porto Judeu / São Sebastião side; searched for on 27-01-1991 and found blocked (""a furna encontrava-se tapada""); also in the pt.wikipedia list",Cron 1991-01-27; pt.wikipedia,,,,,,,,,,,,
Furna do Portão,,,,unlocated,Altares,Angra do Heroísmo,,,Also called Cafua do Portão; a four-photo set is published on montanheiros.com/espeleologia-terceira/; visited during the 22-02-2024 georeferencing round; no coordinates published,montanheiros.com gallery; Cron 2024-02-22,,,,,,,,,Cafua do Portão,,,
Galerias da Feteira,,,,unlocated,Feteira,Angra do Heroísmo,,,"Several lava tubes of about 100 m each near Pico Geraldes, Pico do Magina and Pico da Vima - a group of cavities, not a single one, which is why no length is recorded",pt.wikipedia,,,,,,,,,,,,
Gruta da Baía de Vila Maria,,,,unlocated,,Praia da Vitória,,,"Coastal cave at Baía de Vila Maria, south of Praia da Vitória; pt.wikipedia list entry only - no article and no data",pt.wikipedia (list entry),,,,,,,,,,,,
Gruta da Presa da Genoveva,,,,unlocated,,,,,"New name recorded by the Montanheiros; georeferenced, explored and surveyed 18-01-2024 in the same day's round as Baldio, Santo António, Santa Catarina, João Caldo Quente, Felisberto Joaquim and Achada, which places it in the São Sebastião / Fonte do Bastardo part of SE Terceira; the coordinates taken that day are not published",Cron 2024-01-18,,,,,,,,,,,,
Gruta das Cinco Ribeiras,,38.67500,-27.33083,approximate,Cinco Ribeiras,Angra do Heroísmo,,16,"Underwater gallery complex in the zone of Porto das Cinco Ribeiras; the dive begins in the natural pool and the cave is entered directly from the shore (pt.wikipedia: ""o acesso e feito directamente pela costa""), a boat is not required; galleries down to about 16 m; weak currents, used for initiation and night dives",Wikipedia (approx),,,,,,,,,,0.0,Santa Bárbara — SW coast lavas,
Gruta das Laranjas,,38.78154,-27.12740,converted 1994 grid (±300-800 m),Lajes,Praia da Vitória,20,,Ribeira dos Pães; not in SIGCAVA,Borges 1994 (converted),,,,,,,,,,25.9,,
Gruta do Cerro V,,38.74800,-27.27100,area anchor (cave group),Biscoitos,Praia da Vitória,,,"Visited 22-02-2024 together with Cerro I, II and III and one unresolved ""Gruta do Cerro (?)"", so a Cerro IV may also exist; the position is an anchor on the Cerro cluster, not a fix; IPEA places the Cerro caves in Altares (Angra)",Cron 2024-02-22,,,,,,,,,,475.3,,
Gruta do Pico das Caldeirinhas,,,,unlocated,,,,,"New name recorded 01-02-2024, the same round as Cascata, Terra Mole, Pequena, Negro and Mistério; Pico das Caldeirinhas is an old Basaltic Fissural Zone scoria cone mapped by Nunes 2014 (fig. 3) in the Biscoitos/Altares uplands, which is the only locational hint published",Cron 2024-02-01; Nunes 2014,,,,,,,,,,,,
Gruta do Tanque,,,,unlocated,Biscoitos,Praia da Vitória,305.85,,"Discovered by the Montanheiros early in 2012 and announced 24-05-2012 as the island's 66th cavity; 305.85 m over several branching tunnels, three openings, lava stalactites, silica deposits, yellow moulds on the roof, levées and a pahoehoe floor; mud and humidity enter through the openings; a different Gruta do Tanque exists on Graciosa; no coordinates published",Cron 2012-05-24; pt.wikipedia; montanheiros.com gallery,,,,,,,,,,,BFZ central — Biscoitos lava fields,Holocene
Gruta dos Piratas,,38.63165,-27.14645,area anchor (islet group),Feteira,Angra do Heroísmo,,,"Marine-erosion cave along the vertical fractures of the Ilhéus das Cabras tuffs, named by Prof. F. Cota Rodrigues alongside Gruta Brisa Azul; the source does not say which of the two islets, so the position is an anchor on the islet pair; some of the islet caves are subaquatic. As for Brisa Azul, SIGCAVA-style freguesia Feteira is used while PdL 2018 and pt.wikipedia argue for Porto Judeu",PdL 2018 p. 46,,,,,,,,,,,Ilhéus das Cabras surtseyan tuff cone,~22 ka
Travessia do Ilhéu Grande (sem nome),,38.63180,-27.14360,area anchor (islet),Feteira,Angra do Heroísmo,240,,"Unnamed in the source - this label is descriptive, not a documented toponym. A fissure on the north side of Ilhéu Grande lets a diver swim 240 m through the islet and come out inside another cave on the channel side, ""não sem alguma dificuldade e risco""; the channel cave admits small boats; episodic yellow water at its mouth from suspended tuff. Position is the Ilhéu Grande anchor, confirmed as the eastern islet by GLO-30 height 138 m against the published 147 m",PdL 2018 p. 52,,,,,,,,,,,Ilhéus das Cabras surtseyan tuff cone,~22 ka
