cave,scientific_name,authority,order,family,cave_adaptation,biogeography,common_en,common_pt,source
Gruta das Agulhas,Pseudoblothrus vulcanus,"Mahnert, 1990",Pseudoscorpiones,Syarinidae,troglobiont,endemic-azo,,,B
Gruta das Agulhas,Macarorchestia martini,"Stock, 1989",Amphipoda,Talitridae,unconfirmed,endemic-ter,,,B
Gruta das Agulhas,Pseudosinella ashmoleorum,"Gama, 1988",Collembola,Entomobryidae,eutroglophile,endemic-azo,Cave-dwelling springtail,,B
Gruta das Agulhas,Chthonius ischnocheles,"(Hermann, 1804)",Pseudoscorpiones,Chthoniidae,,introduced,,,G
Gruta das Agulhas,Cryptophagus sp.,"Herbst, 1792",Coleoptera,Cryptophagidae,,,,,G
Gruta dos Balcões,Lithobius obscurus azoreae,"Eason & Ashmole, 1992",Lithobiomorpha,Lithobiidae,troglobiont,endemic-azo,,,G
Gruta dos Balcões,Pseudoblothrus vulcanus,"Mahnert, 1990",Pseudoscorpiones,Syarinidae,troglobiont,endemic-azo,,,G
Gruta dos Balcões,Trechus terceiranus,"Machado, 1988",Coleoptera,Carabidae,troglobiont,endemic-ter,Cave ground-beetle,Carocho cavernícola,BG
Gruta dos Balcões,Pseudosinella ashmoleorum,"Gama, 1988",Collembola,Entomobryidae,eutroglophile,endemic-azo,Cave-dwelling springtail,,B
Gruta dos Balcões,Blaniulus guttulatus,"(Fabricius, 1798)",Julida,Blaniulidae,,introduced,,,G
Gruta dos Balcões,Creophilus maxillosus maxillosus,"(Linnaeus, 1758)",Coleoptera,Staphylinidae,,,,,G
Gruta dos Balcões,Geophilus truncorum,"Bergsøe & Meinert, 1866",Geophilomorpha,Geophilidae,,native,,,G
Gruta dos Balcões,Polydesmus coriaceus,"Porat, 1870",Polydesmida,Polydesmidae,,introduced,,,G
Gruta da Branca Opala,Lithobius obscurus azoreae,"Eason & Ashmole, 1992",Lithobiomorpha,Lithobiidae,troglobiont,endemic-azo,,,G
Gruta da Branca Opala,Aleochara verna,"Say, 1833",Coleoptera,Staphylinidae,,,,,G
Gruta da Branca Opala,Anotylus nitidifrons,"(Wollaston, 1871)",Coleoptera,Staphylinidae,,,,,G
Gruta da Branca Opala,Geophilus truncorum,"Bergsøe & Meinert, 1866",Geophilomorpha,Geophilidae,,native,,,G
Gruta da Branca Opala,Laemostenus complanatus,"(Dejean, 1828)",Coleoptera,Carabidae,,introduced,,,G
Gruta da Branca Opala,Paranchus albipes,"(Fabricius, 1796)",Coleoptera,Carabidae,,introduced,,,G
Gruta da Branca Opala,Polydesmus coriaceus,"Porat, 1870",Polydesmida,Polydesmidae,,introduced,,,G
Gruta do Caldeira,Trechus terceiranus,"Machado, 1988",Coleoptera,Carabidae,troglobiont,endemic-ter,Cave ground-beetle,Carocho cavernícola,B
Gruta do Caldeira,Pseudosinella ashmoleorum,"Gama, 1988",Collembola,Entomobryidae,eutroglophile,endemic-azo,Cave-dwelling springtail,,B
Gruta do Chocolate,Lithobius obscurus azoreae,"Eason & Ashmole, 1992",Lithobiomorpha,Lithobiidae,troglobiont,endemic-azo,,,G
Gruta do Chocolate,Trechus terceiranus,"Machado, 1988",Coleoptera,Carabidae,troglobiont,endemic-ter,Cave ground-beetle,Carocho cavernícola,BG
Gruta do Chocolate,Pseudosinella ashmoleorum,"Gama, 1988",Collembola,Entomobryidae,eutroglophile,endemic-azo,Cave-dwelling springtail,,B
Gruta do Chocolate,Blaniulus guttulatus,"(Fabricius, 1798)",Julida,Blaniulidae,,introduced,,,G
Gruta do Chocolate,Chthonius ischnocheles,"(Hermann, 1804)",Pseudoscorpiones,Chthoniidae,,introduced,,,G
Gruta do Chocolate,Cixius azoterceirae,"Remane & Asche, 1979",Hemiptera,Cixiidae,,native,,,G
Gruta do Chocolate,Geophilus truncorum,"Bergsøe & Meinert, 1866",Geophilomorpha,Geophilidae,,native,,,G
Gruta do Chocolate,Haplobainosoma lusitanum,"Verhoeff, 1900",Chordeumatida,Haplobainosomatidae,,introduced,,,G
Gruta do Chocolate,Ommatoiulus moreleti,"(Lucas, 1860)",Julida,Julidae,,introduced,,,G
Gruta do Chocolate,Polydesmus coriaceus,"Porat, 1870",Polydesmida,Polydesmidae,,introduced,,,G
Gruta da Madre de Deus,Lithobius obscurus azoreae,"Eason & Ashmole, 1992",Lithobiomorpha,Lithobiidae,troglobiont,endemic-azo,,,G
Gruta da Madre de Deus,Pseudosinella ashmoleorum,"Gama, 1988",Collembola,Entomobryidae,eutroglophile,endemic-azo,Cave-dwelling springtail,,B
Gruta da Malha,Lithobius obscurus azoreae,"Eason & Ashmole, 1992",Lithobiomorpha,Lithobiidae,troglobiont,endemic-azo,,,G
Gruta da Malha,Pseudoblothrus vulcanus,"Mahnert, 1990",Pseudoscorpiones,Syarinidae,troglobiont,endemic-azo,,,BG
Gruta da Malha,Trechus terceiranus,"Machado, 1988",Coleoptera,Carabidae,troglobiont,endemic-ter,Cave ground-beetle,Carocho cavernícola,BG
Gruta da Malha,Atheta aeneicollis,"(Sharp, 1869)",Coleoptera,Staphylinidae,,,,,G
Gruta da Malha,Geophilus truncorum,"Bergsøe & Meinert, 1866",Geophilomorpha,Geophilidae,,native,,,G
Gruta da Malha,Paranchus albipes,"(Fabricius, 1796)",Coleoptera,Carabidae,,introduced,,,G
Gruta da Malha,Pterostichus aterrimus aterrimus,"(Herbst, 1784)",Coleoptera,Carabidae,,native,,,G
Furna de Santa Maria,Lithobius obscurus azoreae,"Eason & Ashmole, 1992",Lithobiomorpha,Lithobiidae,troglobiont,endemic-azo,,,G
Furna de Santa Maria,Pseudoblothrus vulcanus,"Mahnert, 1990",Pseudoscorpiones,Syarinidae,troglobiont,endemic-azo,,,B
Furna de Santa Maria,Trechus terceiranus,"Machado, 1988",Coleoptera,Carabidae,troglobiont,endemic-ter,Cave ground-beetle,Carocho cavernícola,BG
Furna de Santa Maria,Blaniulus guttulatus,"(Fabricius, 1798)",Julida,Blaniulidae,,introduced,,,G
Furna de Santa Maria,Haplobainosoma lusitanum,"Verhoeff, 1900",Chordeumatida,Haplobainosomatidae,,introduced,,,G
Furna de Santa Maria,Nopoiulus kochii,"(Gervais, 1847)",Julida,Blaniulidae,,introduced,,,G
Furna de Santa Maria,Polydesmus coriaceus,"Porat, 1870",Polydesmida,Polydesmidae,,introduced,,,G
Gruta do Coelho,Pseudoblothrus vulcanus,"Mahnert, 1990",Pseudoscorpiones,Syarinidae,troglobiont,endemic-azo,,,BG
Gruta do Coelho,Trechus terceiranus,"Machado, 1988",Coleoptera,Carabidae,troglobiont,endemic-ter,Cave ground-beetle,Carocho cavernícola,BG
Gruta do Coelho,Pseudosinella ashmoleorum,"Gama, 1988",Collembola,Entomobryidae,eutroglophile,endemic-azo,Cave-dwelling springtail,,B
Gruta do Coelho,Geophilus truncorum,"Bergsøe & Meinert, 1866",Geophilomorpha,Geophilidae,,native,,,G
Gruta do Coelho,Polydesmus coriaceus,"Porat, 1870",Polydesmida,Polydesmidae,,introduced,,,G
Gruta dos Principiantes,Lithobius obscurus azoreae,"Eason & Ashmole, 1992",Lithobiomorpha,Lithobiidae,troglobiont,endemic-azo,,,G
Gruta dos Principiantes,Pseudoblothrus vulcanus,"Mahnert, 1990",Pseudoscorpiones,Syarinidae,troglobiont,endemic-azo,,,B
Gruta dos Principiantes,Trechus terceiranus,"Machado, 1988",Coleoptera,Carabidae,troglobiont,endemic-ter,Cave ground-beetle,Carocho cavernícola,BG
Gruta dos Principiantes,Anotylus nitidifrons,"(Wollaston, 1871)",Coleoptera,Staphylinidae,,,,,G
Gruta dos Principiantes,Blaniulus guttulatus,"(Fabricius, 1798)",Julida,Blaniulidae,,introduced,,,G
Gruta dos Principiantes,Chthonius ischnocheles,"(Hermann, 1804)",Pseudoscorpiones,Chthoniidae,,introduced,,,G
Gruta dos Principiantes,Cylindroiulus propinquus,"(Porat, 1870)",Julida,Julidae,,introduced,,,G
Gruta dos Principiantes,Epuraea biguttata,"(Thunberg, 1784)",Coleoptera,Nitidulidae,,introduced,,,G
Gruta dos Principiantes,Euborellia annulipes,"(Lucas, 1847)",Dermaptera,Anisolabididae,,introduced,,,G
Gruta dos Principiantes,Geophilus truncorum,"Bergsøe & Meinert, 1866",Geophilomorpha,Geophilidae,,native,,,G
Gruta dos Principiantes,Paranchus albipes,"(Fabricius, 1796)",Coleoptera,Carabidae,,introduced,,,G
Gruta dos Principiantes,Polydesmus coriaceus,"Porat, 1870",Polydesmida,Polydesmidae,,introduced,,,G
Gruta dos Principiantes,Scolopostethus thomsoni,"Reuter, 1874",Hemiptera,Rhyparochromidae,,native,,,G
Gruta da Achada,Lithobius obscurus azoreae,"Eason & Ashmole, 1992",Lithobiomorpha,Lithobiidae,troglobiont,endemic-azo,,,G
Gruta da Achada,Trechus terceiranus,"Machado, 1988",Coleoptera,Carabidae,troglobiont,endemic-ter,Cave ground-beetle,Carocho cavernícola,BG
Gruta da Achada,Blaniulus guttulatus,"(Fabricius, 1798)",Julida,Blaniulidae,,introduced,,,G
Gruta da Achada,Brachydesmus superus,"Latzel, 1884",Polydesmida,Polydesmidae,,introduced,,,G
Gruta da Achada,Catops coracinus,"Kellner, 1846",Coleoptera,Leiodidae,,native,,,G
Gruta da Achada,Chthonius ischnocheles,"(Hermann, 1804)",Pseudoscorpiones,Chthoniidae,,introduced,,,G
Gruta da Achada,Geophilus truncorum,"Bergsøe & Meinert, 1866",Geophilomorpha,Geophilidae,,native,,,G
Gruta da Achada,Lasius grandis,"Forel, 1909",Hymenoptera,Formicidae,,native,,,G
Gruta da Achada,Nopoiulus kochii,"(Gervais, 1847)",Julida,Blaniulidae,,introduced,,,G
Gruta da Achada,Polydesmus coriaceus,"Porat, 1870",Polydesmida,Polydesmidae,,introduced,,,G
Gruta da Achada,Rhopalosiphoninus latysiphon,"(Davidson, 1912)",Hemiptera,Aphididae,,introduced,,,G
Gruta de Santo António,Lithobius obscurus azoreae,"Eason & Ashmole, 1992",Lithobiomorpha,Lithobiidae,troglobiont,endemic-azo,,,G
Gruta de Santo António,Blaniulus guttulatus,"(Fabricius, 1798)",Julida,Blaniulidae,,introduced,,,G
Algar do Carvão,Trechus terceiranus,"Machado, 1988",Coleoptera,Carabidae,troglobiont,endemic-ter,Cave ground-beetle,Carocho cavernícola,B
Algar do Carvão,Pseudosinella ashmoleorum,"Gama, 1988",Collembola,Entomobryidae,eutroglophile,endemic-azo,Cave-dwelling springtail,,B
Gruta do Natal,Trechus terceiranus,"Machado, 1988",Coleoptera,Carabidae,troglobiont,endemic-ter,Cave ground-beetle,Carocho cavernícola,BG
